Id,Label,modularity_class,Size
0,SwinceBall,0,0.003966942148760331
1,Tanma,0,0.001851851851851852
2,Mapping & Yapping,0,0.0015113350125944584
3,Colonel Cam,0,0.0012619502868068833
4,Leku,0,0.001176470588235294
5,TrashCountryMapping ,0,0.001171875
6,Prizo,0,0.0011214953271028037
7,AtlasProductions,0,0.001013215859030837
8,kristibbs,0,0.0008442776735459662
9,HollowBeing,0,0.000825515947467167
