Source,Target,Type,Id,Label,Weight
1,0,Undirected,0,,0.001851851851851852
2,0,Undirected,1,,0.0015113350125944584
3,0,Undirected,2,,0.0012619502868068833
4,0,Undirected,3,,0.001176470588235294
5,0,Undirected,4,,0.001171875
6,0,Undirected,5,,0.0011214953271028037
7,0,Undirected,6,,0.001013215859030837
8,0,Undirected,7,,0.0008442776735459662
9,0,Undirected,8,,0.000825515947467167
